Customer_ID,First_Name,Last_Name,Email,Phone,Address,State,Country
1,Katrina,Kramer,cynthiasanders@example.net,(827)935-6908,"1858 Ashley Way, West Gwendolyn, OH 90451",Louisiana,USA
2,Randy,Gonzalez,williampeterson@example.org,001-699-627-6982,"2290 Rodriguez Freeway, Lauriefort, VA 03167",Idaho,USA
3,Taylor,Wilcox,wrice@example.net,+1-358-492-5958x132,"7905 Elizabeth Mill, Amyside, AL 82465",Vermont,USA
4,Austin,Spencer,ishaw@example.org,953.740.9688x436,"60094 Trujillo Summit Apt. 426, Sydneyview, AZ 04909",Illinois,USA
5,Thomas,Phillips,murrayrichard@example.org,(223)327-9846,"909 Neal Radial Suite 549, East Tim, OH 36145",Idaho,USA
6,Emma,Walker,sgordon@example.org,429.857.7904,"06240 Alexander Crossroad, New Sherry, KY 34420",Montana,USA
7,Scott,Raymond,xgonzales@example.com,+1-483-592-6137,"149 Francis Burg Suite 888, East Ambermouth, WV 74348",Maine,USA
8,Amanda,Joseph,mitchellthomas@example.net,+1-884-431-1804x30282,"942 Craig Shore Suite 984, North Ericafurt, FM 16555",Missouri,USA
9,Alejandro,Hamilton,preyes@example.net,792-487-3368x09462,"4276 Bush Dam, Lewisland, PA 42670",Utah,USA
10,Kenneth,Johnson,martinryan@example.com,001-897-219-5751x2985,"6618 Hines Point Apt. 887, Hoganstad, PW 74659",West Virginia,USA
11,Michael,Bennett,shelby74@example.org,001-805-455-7511x6935,"204 Matthew Street Apt. 960, Lake Ericbury, MT 62254",Oregon,USA
12,Jessica,Lindsey,jon32@example.org,893-685-2010,"5991 Tony Causeway Suite 846, Myersberg, VT 92756",New Jersey,USA
13,Kaylee,Johnson,edwardsjoseph@example.net,3177451161,"712 Carpenter Turnpike, South Nicole, OK 67977",Maine,USA
14,Joseph,Lewis,shane69@example.com,650.252.4075,"6671 Brandon Station, Danielfort, PR 85455",Utah,USA
15,Debra,Kim,macdonaldmelissa@example.com,204.780.6092x8135,"9240 Morris Trail Apt. 003, Mackview, TN 55728",Oregon,USA
16,Rebecca,Key,barbara24@example.org,680-482-2835x8413,"5818 Adams Hills, Ashleyview, VA 04492",Utah,USA
17,Audrey,Stephens,ericwalton@example.com,(733)508-8921,"625 Bentley Track, Atkinsonport, ND 74260",California,USA
18,Alyssa,Williams,christopheryang@example.org,540-531-4723x3015,"2989 Lewis Parkway, Andrewshire, ID 59772",Iowa,USA
19,Carol,George,cindymartin@example.net,001-309-289-1856x125,"186 Atkinson Pike Suite 435, Riveraport, NE 72262",Vermont,USA
20,Joshua,Watson,iclark@example.com,449-346-7846x605,"186 Davis Mission, Lynnmouth, MD 52234",Maryland,USA
21,Shelia,Miles,jaime62@example.net,+1-429-929-0401x6356,"285 Garrison Extension, West Charlesborough, CT 64126",Texas,USA
22,Jessica,Jackson,kbush@example.com,+1-620-989-7996x8868,"34630 Robert Rapids, Lake Andrew, NC 87155",Nebraska,USA
23,Andrew,Gonzalez,watsonjorge@example.net,725-714-3125,"8697 Smith Points Suite 960, East Michaelport, WV 35465",Louisiana,USA
24,Randy,Robertson,tanner00@example.net,834-248-1386x4150,"334 Howard Place Apt. 248, Lake Patriciachester, KY 91895",Tennessee,USA
25,Elizabeth,Smith,joel48@example.com,723.465.7842,"08282 Sheila Rest Suite 009, New Nicholastown, MI 70198",Indiana,USA
26,Sarah,Anderson,rsmith@example.org,939-530-8932x828,"3925 Harvey Turnpike, Lake Colin, NE 19376",Texas,USA
27,Tammy,Stuart,heather33@example.com,+1-697-426-1077x6188,"599 Karen Circle, Williamsbury, NE 00555",Tennessee,USA
28,Natasha,Jones,rachael07@example.com,7652115466,"30641 Monroe Glens, South Kevin, SD 28357",Hawaii,USA
29,Eric,Wright,xnorton@example.org,(846)570-5869x17788,"2331 Beck Way, Lake Becky, MN 83125",South Dakota,USA
30,Alexandra,White,iancarr@example.org,(716)574-7098x04917,"73857 Bennett Well, East Meredith, NM 87549",Idaho,USA
31,David,Hart,alexandra19@example.net,+1-971-747-5980x669,"Unit 3239 Box 5112, DPO AP 51051",West Virginia,USA
32,Cody,Brewer,erin66@example.net,730.712.6150,"66381 Wilson Drive, East Nathanberg, DE 42381",South Carolina,USA
33,Pamela,Snow,chris31@example.net,+1-423-886-0337,"253 Michael Stravenue, Ashleystad, OH 06324",Alabama,USA
34,Gregory,Olson,ljohnson@example.net,001-226-411-6233,"1949 House Bridge Apt. 797, Christopherhaven, WA 37322",Tennessee,USA
35,Valerie,Combs,lisa50@example.org,+1-862-984-4179x6133,"587 Rollins Flats, Juanville, AZ 91650",Missouri,USA
36,Lynn,Smith,wedwards@example.org,955.641.5352x8696,"358 Torres Underpass Suite 735, Laurenborough, AK 45359",Hawaii,USA
37,Kathleen,Watkins,ndalton@example.net,679.913.7749,"Unit 1028 Box 8073, DPO AE 24798",Kansas,USA
38,Joseph,Vaughn,jsantos@example.net,985.279.8195,"93115 Maureen Turnpike, Lake Teresaberg, ID 73695",Connecticut,USA
39,Eddie,Grimes,scottwilliams@example.com,752.411.0838x93128,"12600 Evan Tunnel Suite 113, East Charlottestad, VA 31714",Pennsylvania,USA
40,Justin,Michael,ryan90@example.org,(626)263-8434,"6454 Baker Haven Suite 736, Newtonbury, FM 02159",Arizona,USA
41,Amanda,Mckinney,diane10@example.org,001-895-714-7990x9633,"91322 Mary Harbor, West Lisa, DC 90933",Louisiana,USA
42,Lauren,Brown,morenomichael@example.org,957.858.3027x2118,"94390 Sandra Knolls Suite 915, Lake Jonathan, ID 15410",South Carolina,USA
43,Crystal,Fuller,kevinjohnston@example.com,(315)667-9537x2781,"483 Nicholas Flats, Port Joann, CA 26234",Missouri,USA
44,Renee,Terry,mitchell73@example.net,361.750.6865x53295,"32273 Frost Corners, Henrystad, WV 35297",New Jersey,USA
45,Linda,Randall,caitlinhowell@example.net,(878)502-8435,"1980 Moran Rest, Gallegosport, MI 40278",Maryland,USA
46,Ashley,Moody,stephaniemcmillan@example.com,628-461-4790x3693,"6293 Frye Mills Apt. 685, Port Michaelland, GA 95167",Arizona,USA
47,Sarah,Fernandez,toddvasquez@example.net,768-875-9591,"809 Kathryn Avenue Suite 913, Port Taratown, MD 14049",New Hampshire,USA
48,Victor,Berry,ytaylor@example.org,782-683-5403x177,"241 Lawrence Centers, Lake Lisafurt, NY 86772",Maryland,USA
49,Valerie,Moody,briggssydney@example.org,001-884-412-5801x14271,"99043 Pedro Walk, East Emma, MH 28795",Arkansas,USA
50,Julia,Jones,elizabethdavis@example.org,647-523-6573,"67871 Kristin Row Suite 720, West Aprilfurt, AL 25926",Hawaii,USA
